TITLE,ARTIST,TOP GENRE,YEAR RELEASED,BPM,DURATION,TOP YEAR
STARSTRUKK (feat. Katy Perry),3OH!3,dance pop,2009,140,203,2010
My First Kiss (feat. Ke$ha),3OH!3,dance pop,2010,138,192,2010
I Need A Dollar,Aloe Blacc,pop soul,2010,95,243,2010
Airplanes (feat. Hayley Williams of Paramore),B.o.B,atl hip hop,2010,93,180,2010
Nothin' on You (feat. Bruno Mars),B.o.B,atl hip hop,2010,104,268,2010
Magic (feat. Rivers Cuomo),B.o.B,atl hip hop,2010,82,196,2010
The Time (Dirty Bit),Black Eyed Peas,dance pop,2010,128,308,2010
Imma Be,Black Eyed Peas,dance pop,2009,92,258,2010
Talking to the Moon,Bruno Mars,dance pop,2010,146,218,2010
Just the Way You Are,Bruno Mars,dance pop,2010,109,221,2010
Teach Me How to Dougie,Cali Swag District,pop rap,2011,85,237,2010
Forget You,CeeLo Green,atl hip hop,2010,127,223,2010
Deuces (feat. Tyga & Kevin McCall),Chris Brown,dance pop,2011,74,277,2010
Memories (feat. Kid Cudi),David Guetta,big room,2009,130,210,2010
Gettin' Over You (feat. Fergie & LMFAO),David Guetta,big room,2009,130,188,2010
"All I Do Is Win (feat. T-Pain, Ludacris, Snoop Dogg & Rick Ross)",DJ Khaled,dance pop,2010,150,233,2010
Over,Drake,canadian hip hop,2010,100,234,2010
Find Your Love,Drake,canadian hip hop,2010,96,209,2010
Barbra Streisand (Radio Edit),Duck Sauce,disco house,2010,128,195,2010
Stereo Love - Radio Edit,Edward Maya,romanian house,2010,127,185,2010
Pack Up,Eliza Doolittle,lilith,2010,133,191,2010
Starry Eyed,Ellie Goulding,dance pop,2010,150,177,2010
Love The Way You Lie,Eminem,detroit hip hop,2010,87,263,2010
Not Afraid,Eminem,detroit hip hop,2010,115,248,2010
I Like It,Enrique Iglesias,dance pop,2010,129,232,2010
Kickstarts,Example,dance pop,2010,126,182,2010
Like A G6,Far East Movement,asian american hip hop,2010,125,217,2010
Club Can't Handle Me (feat. David Guetta),Flo Rida,dance pop,2010,128,235,2010
Hot - Malibu Breeze Radio Edit,INNA,dance pop,2010,128,224,2010
Replay,Iyaz,dance pop,2009,91,182,2010
Whatcha Say,Jason Derulo,dance pop,2010,144,221,2010
Ridin' Solo,Jason Derulo,dance pop,2010,89,216,2010
In My Head,Jason Derulo,dance pop,2010,110,199,2010
Down,Jay Sean,dance pop,2009,132,213,2010
Do You Remember,Jay Sean,dance pop,2009,126,211,2010
Young Forever,JAY-Z,east coast hip hop,2009,140,254,2010
Heartbreak Warfare,John Mayer,neo mellow,2009,97,270,2010
Half of My Heart,John Mayer,neo mellow,2009,115,250,2010
Baby,Justin Bieber,canadian pop,2010,65,214,2010
California Gurls,Katy Perry,dance pop,2012,125,235,2010
Teenage Dream,Katy Perry,dance pop,2010,120,228,2010
Commander,Kelly Rowland,atl hip hop,2011,125,218,2010
TiK ToK,Kesha,dance pop,2010,120,200,2010
Your Love Is My Drug,Kesha,dance pop,2010,120,187,2010
Take It Off,Kesha,dance pop,2010,125,215,2010
Blah Blah Blah (feat. 3OH!3),Kesha,dance pop,2010,120,172,2010
Wavin' Flag,K'NAAN,reggae fusion,2009,76,221,2010
Live Like We're Dying,Kris Allen,idol,2009,92,213,2010
Bad Romance,Lady Gaga,art pop,2009,119,295,2010
Telephone,Lady Gaga,art pop,2009,122,221,2010
Alejandro,Lady Gaga,art pop,2009,99,274,2010
Right Above It,Lil Wayne,hip hop,2010,76,272,2010
My Chick Bad,Ludacris,atl hip hop,2010,85,217,2010
How Low,Ludacris,atl hip hop,2010,144,202,2010
Misery,Maroon 5,pop,2010,103,216,2010
When We Collide,Matt Cardle,talent show,2011,82,226,2010
Cooler Than Me - Single Mix,Mike Posner,dance pop,2010,130,213,2010
Can't Be Tamed,Miley Cyrus,dance pop,2010,117,168,2010
Animal,Neon Trees,modern alternative rock,2010,148,212,2010
Fireflies,Owl City,indietronica,2009,180,228,2010
She Said,Plan B,grime,2010,147,211,2010
Only Girl (In The World),Rihanna,barbadian pop,2010,126,235,2010
Rude Boy,Rihanna,barbadian pop,2009,174,223,2010
What's My Name?,Rihanna,barbadian pop,2010,100,263,2010
Man Down,Rihanna,barbadian pop,2010,156,267,2010
Hard,Rihanna,barbadian pop,2009,182,251,2010
Dancing On My Own - Radio Edit,Robyn,art pop,2010,117,278,2010
King of Anything,Sara Bareilles,acoustic pop,2010,119,207,2010
This Ain't a Love Song,Scouting For Girls,dance pop,2017,177,211,2010
Eenie Meenie,Sean Kingston,dance pop,2020,121,202,2010
Riverside,Sidney Samson,dutch house,2009,126,321,2010
Alors on danse - Radio Edit,Stromae,belgian pop,2010,120,206,2010
Stuck Like Glue,Sugarland,contemporary country,2010,84,248,2010
One - Radio Edit,Swedish House Mafia,dance pop,2010,125,170,2010
Miami 2 Ibiza - Swedish House Mafia vs. Tinie Tempah,Swedish House Mafia,dance pop,2010,125,206,2010
Dynamite,Taio Cruz,dance pop,2010,120,203,2010
Break Your Heart,Taio Cruz,dance pop,2010,122,202,2010
The Flood,Take That,boy band,2010,101,289,2010
Back To December,Taylor Swift,pop,2010,142,293,2010
Mine,Taylor Swift,pop,2010,121,231,2010
Today Was A Fairytale,Taylor Swift,pop,2011,158,242,2010
If I Die Young,The Band Perry,contemporary country,2010,131,223,2010
For the First Time,The Script,celtic rock,2011,174,253,2010
All Time Low,The Wanted,boy band,2010,134,205,2010
Seek Bromance (Avicii Vocal Edit),Tim Berg,edm,2010,126,201,2010
Carry Out (Featuring Justin Timberlake),Timbaland,dance pop,2009,116,232,2010
If We Ever Meet Again (Featuring Katy Perry),Timbaland,dance pop,2009,126,293,2010
Pass Out,Tinie Tempah,dance pop,2010,91,268,2010
Written in the Stars (feat. Eric Turner),Tinie Tempah,dance pop,2010,123,208,2010
"Hey, Soul Sister",Train,dance pop,2010,97,217,2010
Billionaire (feat. Bruno Mars),Travie McCoy,dance pop,2010,87,211,2010
Bottoms Up (feat. Nicki Minaj),Trey Songz,dance pop,2010,74,242,2010
Say Aah (feat. Fabolous),Trey Songz,dance pop,2009,93,208,2010
What You Know,Two Door Cinema Club,indie rock,2010,139,192,2010
DJ Got Us Fallin' In Love (feat. Pitbull),Usher,atl hip hop,2010,120,221,2010
OMG (feat. will.i.am),Usher,atl hip hop,2010,130,269,2010
Hey Daddy (Daddy's Home),Usher,atl hip hop,2010,96,224,2010
No Hands (feat. Roscoe Dash & Wale),Waka Flocka Flame,atl hip hop,2010,131,264,2010
We No Speak Americano (Edit),Yolanda Be Cool,australian dance,2020,125,157,2010
BedRock,Young Money,dance pop,2009,148,288,2010
Rolling in the Deep,Adele,british soul,2011,105,228,2011
Set Fire to the Rain,Adele,british soul,2011,108,243,2011
Mr. Saxobeat,Alexandra Stan,dance pop,2011,127,195,2011
What the Hell,Avril Lavigne,canadian pop,2011,150,221,2011
Lighters,Bad Meets Evil,detroit hip hop,2011,90,304,2011
Love On Top,Beyoncé,dance pop,2011,94,267,2011
Best Thing I Never Had,Beyoncé,dance pop,2011,99,254,2011
Skinny Love,Birdy,pop,2011,166,201,2011
Just Can’t Get Enough,Black Eyed Peas,dance pop,2010,94,219,2011
Honey Bee,Blake Shelton,contemporary country,2011,206,211,2011
Holocene,Bon Iver,eau claire indie,2011,148,337,2011
I Wanna Go,Britney Spears,dance pop,2011,130,210,2011
Till the World Ends,Britney Spears,dance pop,2011,132,238,2011
Grenade,Bruno Mars,dance pop,2010,110,222,2011
Marry You,Bruno Mars,dance pop,2010,145,230,2011
The Lazy Song,Bruno Mars,dance pop,2010,175,189,2011
Bounce (feat. Kelis) - Radio Edit,Calvin Harris,dance pop,2012,128,222,2011
Blind Faith,Chase & Status,dancefloor dnb,2011,140,234,2011
Champion (feat. Chris Brown),Chip,grime,2011,190,237,2011
Look At Me Now (feat. Lil' Wayne & Busta Rhymes),Chris Brown,dance pop,2011,146,223,2011
Yeah 3x,Chris Brown,dance pop,2011,130,242,2011
Beautiful People,Chris Brown,dance pop,2019,128,226,2011
Jar of Hearts,Christina Perri,dance pop,2011,75,247,2011
You Make Me Feel... (feat. Sabi),Cobra Starship,dance pop,2011,132,216,2011
Paradise,Coldplay,permanent wave,2011,140,279,2011
Every Teardrop Is a Waterfall,Coldplay,permanent wave,2011,118,241,2011
Where Them Girls At (feat. Nicki Minaj & Flo Rida),David Guetta,big room,2011,130,210,2011
Who's That Chick? (feat. Rihanna),David Guetta,big room,2010,128,201,2011
Coming Home,Diddy - Dirty Money,hip pop,2010,168,239,2011
Louder,DJ Fresh,dancefloor dnb,2012,140,207,2011
I'm On One,DJ Khaled,dance pop,2011,149,296,2011
I Need A Doctor,Dr. Dre,g funk,2011,156,284,2011
Headlines,Drake,canadian hip hop,2011,152,236,2011
The A Team,Ed Sheeran,pop,2011,85,258,2011
Lego House,Ed Sheeran,pop,2011,160,185,2011
Stereo Love - Radio Edit,Edward Maya,romanian house,2010,127,185,2011
Tonight (I'm Fuckin' You),Enrique Iglesias,dance pop,2010,126,232,2011
Springsteen,Eric Church,contemporary country,2011,104,263,2011
Changed the Way You Kiss Me - Radio Edit,Example,dance pop,2011,127,195,2011
Rocketeer,Far East Movement,asian american hip hop,2010,96,211,2011
Shake It Out,Florence + The Machine,baroque pop,2011,107,278,2011
Pumped Up Kicks,Foster The People,indietronica,2011,128,240,2011
Tongue Tied,Grouplove,indie pop,2011,113,218,2011
Stereo Hearts (feat. Adam Levine),Gym Class Heroes,dance pop,2011,90,211,2011
Tonight Tonight,Hot Chelle Rae,dance pop,2011,100,200,2011
Dirt Road Anthem,Jason Aldean,contemporary country,2010,127,229,2011
It Girl,Jason Derulo,dance pop,2011,92,192,2011
Don't Wanna Go Home,Jason Derulo,dance pop,2011,122,206,2011
On The Floor,Jennifer Lopez,dance pop,2011,130,285,2011
Down On Me,Jeremih,chicago rap,2010,160,228,2011
Do It Like A Dude,Jessie J,dance pop,2011,140,195,2011
All Of The Lights,Kanye West,chicago rap,2010,142,300,2011
Last Friday Night (T.G.I.F.),Katy Perry,dance pop,2012,126,231,2011
Firework,Katy Perry,dance pop,2010,124,228,2011
E.T.,Katy Perry,dance pop,2012,152,230,2011
Motivation,Kelly Rowland,atl hip hop,2011,141,231,2011
Pretty Girl Rock,Keri Hilson,dance pop,2010,160,244,2011
We R Who We R,Kesha,dance pop,2010,120,205,2011
Blow,Kesha,dance pop,2010,120,220,2011
Earthquake (feat. Tinie Tempah),Labrinth,indie poptimism,2012,153,275,2011
Just A Kiss,Lady A,contemporary country,2011,143,219,2011
Born This Way,Lady Gaga,art pop,2011,124,260,2011
The Edge Of Glory,Lady Gaga,art pop,2011,128,321,2011
6 Foot 7 Foot,Lil Wayne,hip hop,2011,79,249,2011
How To Love,Lil Wayne,hip hop,2011,154,240,2011
Party Rock Anthem,LMFAO,dance pop,2011,130,262,2011
Sexy And I Know It,LMFAO,dance pop,2011,130,199,2011
The Show Goes On,Lupe Fiasco,chicago rap,2011,143,240,2011
I Follow Rivers - The Magician Remix,Lykke Li,art pop,2021,122,280,2011
Midnight City,M83,french shoegaze,2011,105,241,2011
Donald Trump,Mac Miller,hip hop,2011,163,166,2011
Buzzin Remix,Mann,pop rap,2011,104,224,2011
"Moves Like Jagger - Studio Recording From ""The Voice"" Performance",Maroon 5,pop,2010,128,201,2011
Sure Thing,Miguel,dance pop,2010,81,195,2011
When We Stand Together,Nickelback,alternative metal,2011,188,191,2011
Super Bass,Nicki Minaj,dance pop,2010,127,200,2011
L.I.F.E.G.O.E.S.O.N.,Noah And The Whale,indie folk,2011,82,228,2011
Heart Skips a Beat (feat. Rizzle Kicks),Olly Murs,dance pop,2011,111,202,2011
Good Life,OneRepublic,dance pop,2009,95,253,2011
Raise Your Glass,P!nk,dance pop,2010,122,203,2011
"Give Me Everything (feat. Ne-Yo, Afrojack & Nayer)",Pitbull,dance pop,2011,129,252,2011
Hey Baby (Drop It to the Floor) (feat. T-Pain),Pitbull,dance pop,2011,128,234,2011
Read All About It,Professor Green,grime,2021,101,236,2011
The Adventures of Rain Dance Maggie,Red Hot Chili Peppers,alternative rock,2011,106,282,2011
S&M,Rihanna,barbadian pop,2010,128,244,2011
We Found Love,Rihanna,barbadian pop,2011,128,215,2011
What's My Name?,Rihanna,barbadian pop,2010,100,263,2011
Down With The Trumpets,Rizzle Kicks,uk hip hop,2011,115,187,2011
Loca People - Radio Edit,Sak Noel,electro house,2011,128,216,2011
Love You Like A Love Song,Selena Gomez & The Scene,dance pop,2011,117,188,2011
Who Says,Selena Gomez & The Scene,dance pop,2011,101,196,2011
Sweat - Remix,Snoop Dogg,g funk,2011,130,196,2011
Save The World,Swedish House Mafia,dance pop,2011,127,213,2011
Higher,Taio Cruz,dance pop,2011,128,188,2011
If I Die Young,The Band Perry,contemporary country,2010,131,223,2011
Glad You Came,The Wanted,boy band,2011,127,198,2011
More - RedOne Jimmy Joker Remix,Usher,atl hip hop,2010,125,220,2011
No Hands (feat. Roscoe Dash & Wale),Waka Flocka Flame,atl hip hop,2010,131,264,2011
Black and Yellow,Wiz Khalifa,dance pop,2011,164,218,2011
Roll Up,Wiz Khalifa,dance pop,2011,125,228,2011
Skyfall,Adele,british soul,2012,76,286,2012
Rumour Has It,Adele,british soul,2011,120,223,2012
Years,Alesso,dance pop,2013,128,195,2012
Too Close,Alex Clare,modern alternative rock,2011,126,257,2012
Breezeblocks,alt-J,indie rock,2012,150,227,2012
R U Mine?,Arctic Monkeys,garage rock,2012,97,200,2012
One Day / Reckoning Song (Wankelmut Remix) - Radio Edit,Asaf Avidan,israeli pop,2012,119,215,2012
Levels - Radio Edit,Avicii,dance pop,2011,126,200,2012
Silhouettes - Original Radio Edit,Avicii,dance pop,2012,128,212,2012
212,Azealia Banks,dance pop,2014,126,205,2012
So Good,B.o.B,atl hip hop,2012,86,213,2012
Locked out of Heaven,Bruno Mars,dance pop,2012,144,233,2012
It Will Rain,Bruno Mars,dance pop,2011,150,258,2012
Feel So Close - Radio Edit,Calvin Harris,dance pop,2012,128,206,2012
Let's Go (feat. Ne-Yo),Calvin Harris,dance pop,2012,128,233,2012
We'll Be Coming Back (feat. Example),Calvin Harris,dance pop,2012,128,234,2012
Call Me Maybe,Carly Rae Jepsen,canadian pop,2012,120,193,2012
Blown Away,Carrie Underwood,contemporary country,2012,137,240,2012
Want U Back,Cher Lloyd,dance pop,2012,98,215,2012
Turn Up the Music,Chris Brown,dance pop,2012,130,228,2012
Paradise,Coldplay,permanent wave,2011,140,279,2012
Princess of China,Coldplay,permanent wave,2011,85,239,2012
Turn Me On (feat. Nicki Minaj),David Guetta,big room,2011,128,200,2012
In The Dark,DEV,dance pop,2012,125,226,2012
Latch,Disclosure,edm,2013,122,256,2012
Hot Right Now - Edit,DJ Fresh,dancefloor dnb,2010,175,179,2012
Take Care,Drake,canadian hip hop,2011,122,277,2012
The Motto,Drake,canadian hip hop,2011,202,182,2012
Lights - Single Version,Ellie Goulding,dance pop,2010,120,211,2012
Good Feeling,Flo Rida,dance pop,2012,128,248,2012
Spectrum (Say My Name) - Calvin Harris Remix,Florence + The Machine,baroque pop,2012,126,218,2012
Lost,Frank Ocean,alternative r&b,2012,123,234,2012
Thinkin Bout You,Frank Ocean,alternative r&b,2012,130,201,2012
We Are Young (feat. Janelle Monáe),fun.,baroque pop,2012,184,251,2012
Some Nights,fun.,baroque pop,2012,108,277,2012
Somebody That I Used To Know,Gotye,australian pop,2011,129,245,2012
Oblivion,Grimes,art pop,2012,156,251,2012
Ass Back Home (feat. Neon Hitch),Gym Class Heroes,dance pop,2011,130,222,2012
I Love It (feat. Charli XCX),Icona Pop,candy pop,2013,126,157,2012
It's Time,Imagine Dragons,modern rock,2012,105,238,2012
On Top Of The World,Imagine Dragons,modern rock,2012,100,190,2012
Ni**as In Paris,JAY-Z,east coast hip hop,2011,140,219,2012
Boyfriend,Justin Bieber,canadian pop,2012,97,171,2012
Mercy,Kanye West,chicago rap,2012,140,329,2012
Brokenhearted,Karmin,dance pop,2012,120,227,2012
The One That Got Away,Katy Perry,dance pop,2012,134,227,2012
Part Of Me,Katy Perry,dance pop,2012,130,216,2012
Swimming Pools (Drank) - Extended Version,Kendrick Lamar,conscious hip hop,2012,74,314,2012
m.A.A.d city,Kendrick Lamar,conscious hip hop,2012,91,350,2012
Die Young,Kesha,dance pop,2012,128,212,2012
C'Mon,Kesha,dance pop,2012,126,214,2012
Ride,Lana Del Rey,art pop,2012,94,289,2012
Video Games,Lana Del Rey,art pop,2012,122,282,2012
Born To Die,Lana Del Rey,art pop,2012,86,286,2012
BURN IT DOWN,Linkin Park,alternative metal,2012,110,230,2012
Sexy And I Know It,LMFAO,dance pop,2011,130,199,2012
Battle Scars (with Guy Sebastian),Lupe Fiasco,chicago rap,2012,168,250,2012
Primadonna,MARINA,art pop,2012,128,221,2012
How to Be a Heartbreaker,MARINA,art pop,2012,140,221,2012
One More Night,Maroon 5,pop,2012,93,219,2012
Payphone,Maroon 5,pop,2012,110,231,2012
Adorn,Miguel,dance pop,2012,179,193,2012
Madness,Muse,modern rock,2012,180,281,2012
Everybody Talks,Neon Trees,modern alternative rock,2012,155,177,2012
Starships,Nicki Minaj,dance pop,2011,125,211,2012
Pound The Alarm,Nicki Minaj,dance pop,2012,125,206,2012
Dirty Paws,Of Monsters and Men,folk-pop,2012,112,278,2012
Troublemaker (feat. Flo Rida),Olly Murs,dance pop,2012,106,186,2012
What Makes You Beautiful,One Direction,boy band,2012,125,200,2012
Live While We're Young,One Direction,boy band,2012,126,200,2012
Million Voices - Radio Edit,Otto Knows,edm,2012,126,193,2012
Good Time,Owl City,indietronica,2012,126,206,2012
Blow Me (One Last Kiss),P!nk,dance pop,2012,114,256,2012
Take a Walk,Passion Pit,alternative dance,2012,101,264,2012
"Gone, Gone, Gone",Phillip Phillips,folk-pop,2013,118,210,2012
Home,Phillip Phillips,folk-pop,2013,121,210,2012
Gangnam Style (강남스타일),PSY,k-pop,2012,132,219,2012
We Found Love,Rihanna,barbadian pop,2011,128,215,2012
Where Have You Been,Rihanna,barbadian pop,2011,128,243,2012
R.I.P. (feat. Tinie Tempah),Rita Ora,dance pop,2012,72,228,2012
Mama Do The Hump,Rizzle Kicks,uk hip hop,2011,98,216,2012
Candy,Robbie Williams,dance pop,2012,116,201,2012
Feel the Love (feat. John Newman),Rudimental,dance pop,2013,180,245,2012
Hands on the Wheel (feat. Asap Rocky),ScHoolboy Q,gangster rap,2012,128,197,2012
Bangarang (feat. Sirah),Skrillex,brostep,2011,110,215,2012
"Young, Wild & Free (feat. Bruno Mars)",Snoop Dogg,g funk,2011,95,207,2012
Don't You Worry Child - Radio Edit,Swedish House Mafia,dance pop,2012,129,213,2012
I Knew You Were Trouble.,Taylor Swift,pop,2012,77,220,2012
We Are Never Ever Getting Back Together,Taylor Swift,pop,2012,86,193,2012
Ho Hey,The Lumineers,folk-pop,2012,80,163,2012
Chasing The Sun,The Wanted,boy band,2012,128,199,2012
Angels,The xx,downtempo,2012,92,172,2012
Drive By,Train,dance pop,2012,122,196,2012
50 Ways to Say Goodbye,Train,dance pop,2012,140,248,2012
Heart Attack,Trey Songz,dance pop,2012,150,233,2012
Rack City,Tyga,dance pop,2012,99,203,2012
Faded,Tyga,dance pop,2012,95,207,2012
Climax,Usher,atl hip hop,2012,136,233,2012
Anna Sun,WALK THE MOON,dance pop,2012,140,321,2012
"Work Hard, Play Hard",Wiz Khalifa,dance pop,2012,140,219,2012
We Own It (Fast & Furious),2 Chainz,atl hip hop,2013,172,228,2013
"F**kin' Problems (feat. Drake, 2 Chainz & Kendrick Lamar)",A$AP Rocky,east coast hip hop,2013,96,234,2013
Why'd You Only Call Me When You're High?,Arctic Monkeys,garage rock,2013,92,161,2013
Do I Wanna Know?,Arctic Monkeys,garage rock,2013,85,272,2013
The Way,Ariana Grande,dance pop,2013,82,227,2013
Wake Me Up,Avicii,dance pop,2013,124,247,2013
I Could Be The One (Avicii Vs. Nicky Romero) - Radio Edit,Avicii,dance pop,2012,128,208,2013
Here's to Never Growing Up,Avril Lavigne,canadian pop,2013,165,214,2013
Sail,AWOLNATION,la indie,2011,119,259,2013
Harlem Shake,Baauer,bass trap,2013,138,197,2013
Pompeii,Bastille,metropopolis,2013,127,214,2013
Of The Night,Bastille,metropopolis,2013,125,214,2013
Get Up (Rattle),Bingo Players,big room,2013,128,167,2013
Sure Be Cool If You Did,Blake Shelton,contemporary country,2013,137,216,2013
Ready or Not,Bridgit Mendler,dance pop,2012,93,201,2013
Work Bitch,Britney Spears,dance pop,2013,128,248,2013
Locked out of Heaven,Bruno Mars,dance pop,2012,144,233,2013
When I Was Your Man,Bruno Mars,dance pop,2012,73,214,2013
Treasure,Bruno Mars,dance pop,2012,116,179,2013
Sweet Nothing (feat. Florence Welch),Calvin Harris,dance pop,2012,128,213,2013
I Need Your Love (feat. Ellie Goulding),Calvin Harris,dance pop,2012,125,235,2013
Thinking About You (feat. Ayah Marar),Calvin Harris,dance pop,2012,128,248,2013
Drinking from the Bottle (feat. Tinie Tempah),Calvin Harris,dance pop,2012,128,240,2013
Safe And Sound,Capital Cities,metropopolis,2013,118,193,2013
3005,Childish Gambino,atl hip hop,2013,166,234,2013
Fine China,Chris Brown,dance pop,2014,104,213,2013
The Mother We Share,CHVRCHES,electropop,2013,174,191,2013
Body Party,Ciara,dance pop,2013,134,234,2013
Get Lucky (feat. Pharrell Williams & Nile Rodgers) - Radio Edit,Daft Punk,electro,2013,116,248,2013
Lose Yourself to Dance (feat. Pharrell Williams),Daft Punk,electro,2013,100,354,2013
Play Hard (feat. Ne-Yo & Akon),David Guetta,big room,2011,130,201,2013
Heart Attack,Demi Lovato,dance pop,2013,174,211,2013
White Noise,Disclosure,edm,2013,120,278,2013
"Hold On, We're Going Home",Drake,canadian hip hop,2013,100,228,2013
Started From the Bottom,Drake,canadian hip hop,2013,86,174,2013
Need U (100%) (feat. A*M*E) - Radio Edit,Duke Dumont,destroy techno,2013,124,174,2013
The Monster,Eminem,detroit hip hop,2013,110,250,2013
Berzerk,Eminem,detroit hip hop,2013,95,239,2013
My Songs Know What You Did In The Dark (Light Em Up),Fall Out Boy,emo,2013,152,187,2013
I Cry,Flo Rida,dance pop,2012,126,224,2013
Cruise,Florida Georgia Line,contemporary country,2012,148,209,2013
I Love It (feat. Charli XCX),Icona Pop,candy pop,2013,126,157,2013
Demons,Imagine Dragons,modern rock,2012,90,175,2013
Radioactive,Imagine Dragons,modern rock,2012,136,187,2013
Power Trip (feat. Miguel),J. Cole,conscious hip hop,2013,100,241,2013
Talk Dirty (feat. 2 Chainz),Jason Derulo,dance pop,2013,100,178,2013
The Other Side,Jason Derulo,dance pop,2013,128,227,2013
Holy Grail,JAY-Z,east coast hip hop,2013,145,338,2013
Love Me Again,John Newman,dance pop,2013,126,240,2013
Beauty And A Beat,Justin Bieber,canadian pop,2012,128,228,2013
Mirrors,Justin Timberlake,dance pop,2013,77,484,2013
Suit & Tie (feat. Jay-Z),Justin Timberlake,dance pop,2013,102,326,2013
Black Skinhead,Kanye West,chicago rap,2013,130,188,2013
This Is How We Do,Katy Perry,dance pop,2013,96,204,2013
Sonnentanz - Sun Don't Shine,Klangkarussell,austrian pop,2013,120,236,2013
All I Want,Kodaline,irish pop,2013,187,306,2013
High Hopes,Kodaline,irish pop,2013,77,230,2013
Summertime Sadness (Lana Del Rey Vs. Cedric Gervais) - Cedric Gervais Remix,Lana Del Rey,art pop,2013,126,215,2013
Love Me,Lil Wayne,hip hop,2013,125,255,2013
Somewhere Only We Know,Lily Allen,dance pop,2014,81,209,2013
Royals,Lorde,art pop,2013,85,190,2013
Team,Lorde,art pop,2013,100,193,2013
Can't Hold Us (feat. Ray Dalton),Macklemore & Ryan Lewis,dance pop,2012,146,258,2013
Thrift Shop (feat. Wanz),Macklemore & Ryan Lewis,dance pop,2012,95,236,2013
Same Love (feat. Mary Lambert),Macklemore & Ryan Lewis,dance pop,2012,85,319,2013
Daylight,Maroon 5,pop,2012,120,225,2013
Animals - Radio Edit,Martin Garrix,dance pop,2016,128,176,2013
It's a Beautiful Day,Michael Bublé,adult standards,2013,144,199,2013
We Can't Stop,Miley Cyrus,dance pop,2013,80,231,2013
I Will Wait,Mumford & Sons,modern folk rock,2012,131,277,2013
La La La,Naughty Boy,tropical house,2013,125,221,2013
Hey Porsche,Nelly,dance pop,2013,116,209,2013
Little Talks,Of Monsters and Men,folk-pop,2012,103,267,2013
Best Song Ever,One Direction,boy band,2013,118,200,2013
One Way or Another (Teenage Kicks),One Direction,boy band,2013,162,157,2013
True Love (feat. Lily Allen),P!nk,dance pop,2012,192,231,2013
Still into You,Paramore,candy pop,2013,136,216,2013
Ain't It Fun,Paramore,candy pop,2013,104,297,2013
Home,Phillip Phillips,folk-pop,2013,121,210,2013
Feel This Moment (feat. Christina Aguilera),Pitbull,dance pop,2012,136,230,2013
Don't Stop the Party (feat. TJR),Pitbull,dance pop,2012,127,206,2013
Blurred Lines,Robin Thicke,contemporary r&b,2013,120,263,2013
Waiting All Night (feat. Ella Eyre),Rudimental,dance pop,2013,175,293,2013
Reload - Radio Edit,Sebastian Ingrosso,dance pop,2013,128,221,2013
Come & Get It,Selena Gomez,dance pop,2013,80,232,2013
Look Right Through - MK Vocal Edit,Storm Queen,deep disco house,2013,120,148,2013
Papaoutai,Stromae,belgian pop,2013,116,232,2013
I Knew You Were Trouble.,Taylor Swift,pop,2012,77,220,2013
22,Taylor Swift,pop,2012,104,232,2013
Everything Has Changed,Taylor Swift,pop,2012,80,245,2013
Chocolate,The 1975,modern alternative rock,2013,100,225,2013
Ho Hey,The Lumineers,folk-pop,2012,80,163,2013
Sweater Weather,The Neighbourhood,modern alternative rock,2013,124,240,2013
What About Us,The Saturdays,bubblegum dance,2013,124,221,2013
Another Love,Tom Odell,chill pop,2013,123,244,2013
Bad (feat. Rihanna) - Remix,Wale,gangster rap,2013,114,239,2013
Scream & Shout,will.i.am,dance pop,2013,130,283,2013
#thatPOWER,will.i.am,dance pop,2013,128,280,2013
The Fox (What Does the Fox Say?),Ylvis,comic,2013,128,214,2013
Clarity,Zedd,complextro,2012,128,271,2013
She Looks So Perfect,5 Seconds of Summer,boy band,2014,160,202,2014
Amnesia,5 Seconds of Summer,boy band,2014,102,237,2014
Heroes (we could be),Alesso,dance pop,2014,126,210,2014
The Man,Aloe Blacc,pop soul,2014,82,255,2014
Best Day Of My Life,American Authors,indie poptimism,2014,100,194,2014
Love Me Harder,Ariana Grande,dance pop,2014,99,236,2014
Problem,Ariana Grande,dance pop,2014,103,194,2014
Break Free,Ariana Grande,dance pop,2014,130,215,2014
Hey Brother,Avicii,dance pop,2013,125,255,2014
Shower,Becky G,dance pop,2014,120,206,2014
Drunk in Love (feat. Jay-Z),Beyoncé,dance pop,2014,140,323,2014
Hot N*gga,Bobby Shmurda,nyc rap,2014,168,195,2014
Summer,Calvin Harris,dance pop,2014,128,223,2014
Blame (feat. John Newman),Calvin Harris,dance pop,2014,128,213,2014
Under Control (feat. Hurts),Calvin Harris,dance pop,2014,126,184,2014
Boom Clap,Charli XCX,art pop,2014,92,170,2014
Loyal (feat. Lil Wayne & Tyga),Chris Brown,dance pop,2014,99,265,2014
New Flame (feat. Usher & Rick Ross),Chris Brown,dance pop,2014,142,244,2014
Rather Be (feat. Jess Glynne),Clean Bandit,dance pop,2014,121,228,2014
First,Cold War Kids,alternative rock,2014,78,200,2014
Magic,Coldplay,permanent wave,2014,93,285,2014
A Sky Full of Stars,Coldplay,permanent wave,2014,125,268,2014
Bad (feat. Vassy) - Radio Edit,David Guetta,big room,2014,128,171,2014
Lovers on the Sun (feat. Sam Martin),David Guetta,big room,2014,125,204,2014
Latch,Disclosure,edm,2013,122,256,2014
Turn Down for What,DJ Snake,dance pop,2013,100,214,2014
You Know You Like It,DJ Snake,dance pop,2014,196,247,2014
I Got U,Duke Dumont,destroy techno,2014,121,286,2014
Cool Kids,Echosmith,dance pop,2013,130,238,2014
Don't,Ed Sheeran,pop,2014,95,220,2014
Sing,Ed Sheeran,pop,2014,120,235,2014
Ugly Heart,G.R.L.,dance pop,2014,125,198,2014
Budapest,George Ezra,folk-pop,2014,128,201,2014
Blame It on Me,George Ezra,folk-pop,2014,104,196,2014
Ready For Your Love,Gorgon City,deep groove house,2014,122,199,2014
Fancy,Iggy Azalea,australian hip hop,2014,95,200,2014
Black Widow,Iggy Azalea,australian hip hop,2014,164,209,2014
Talk Dirty (feat. 2 Chainz),Jason Derulo,dance pop,2013,100,178,2014
Wiggle (feat. Snoop Dogg),Jason Derulo,dance pop,2013,82,193,2014
Trumpets,Jason Derulo,dance pop,2013,82,217,2014
Don't Tell 'Em,Jeremih,chicago rap,2015,98,267,2014
Bang Bang,Jessie J,dance pop,2014,150,199,2014
All of Me,John Legend,neo soul,2013,120,270,2014
Not a Bad Thing,Justin Timberlake,dance pop,2013,86,688,2014
Dark Horse,Katy Perry,dance pop,2013,132,216,2014
Show Me (feat. Chris Brown),Kid Ink,dance pop,2014,98,218,2014
Hideaway,Kiesza,electropop,2014,123,252,2014
Jubel - Radio Edit,Klingande,deep house,2013,125,202,2014
Jealous,Labrinth,indie poptimism,2014,117,288,2014
Prayer in C - Robin Schulz Radio Edit,Lilly Wood and The Prick,french indie pop,2014,123,189,2014
Team,Lorde,art pop,2013,100,193,2014
Rude,MAGIC!,reggae fusion,2014,144,225,2014
Maps,Maroon 5,pop,2014,120,190,2014
Animals,Maroon 5,pop,2014,190,231,2014
Sugar,Maroon 5,pop,2014,120,235,2014
All About That Bass,Meghan Trainor,dance pop,2015,134,188,2014
Stolen Dance,Milky Chance,german pop,2014,114,314,2014
Classic,MKTO,dance pop,2012,102,175,2014
Waves - Robin Schulz Radio Edit,Mr. Probz,dutch hip hop,2014,120,208,2014
Somebody,Natalie La Rose,chicago rap,2014,105,190,2014
Jealous - Remix,Nick Jonas,dance pop,2015,93,222,2014
Anaconda,Nicki Minaj,dance pop,2014,130,260,2014
Am I Wrong,Nico & Vinz,pop rap,2014,120,246,2014
CoCo,O.T. Genasis,pop rap,2014,120,240,2014
Gecko (Overdrive) - Radio Edit,Oliver Heldens,dance pop,2014,125,165,2014
Wrapped Up,Olly Murs,dance pop,2014,122,186,2014
Post to Be (feat. Chris Brown & Jhene Aiko),Omarion,dance pop,2014,97,227,2014
Night Changes,One Direction,boy band,2014,120,227,2014
Steal My Girl,One Direction,boy band,2014,77,228,2014
Counting Stars,OneRepublic,dance pop,2014,122,258,2014
Love Runs Out,OneRepublic,dance pop,2014,120,224,2014
Only Love Can Hurt Like This,Paloma Faith,british soul,2014,91,233,2014
Ain't It Fun,Paramore,candy pop,2013,104,297,2014
High (feat. Nicole Millar),Peking Duk,aussietronica,2014,100,228,2014
"Happy - From ""Despicable Me 2""",Pharrell Williams,pop rap,2014,160,233,2014
Timber (feat. Ke$ha),Pitbull,dance pop,2012,130,204,2014
Me And My Broken Heart,Rixton,pop,2014,174,194,2014
My Love (feat. Jess Glynne),Route 94,deep groove house,2014,120,260,2014
Stay With Me,Sam Smith,dance pop,2014,84,173,2014
Money On My Mind,Sam Smith,dance pop,2014,134,193,2014
Collard Greens,ScHoolboy Q,gangster rap,2014,154,300,2014
Man Of The Year,ScHoolboy Q,gangster rap,2014,112,216,2014
Geronimo,Sheppard,australian indie,2015,142,218,2014
Chandelier,Sia,australian dance,2015,117,216,2014
Elastic Heart,Sia,australian dance,2015,130,257,2014
Nobody To Love,Sigma,dance pop,2014,88,190,2014
Style,Taylor Swift,pop,2014,95,231,2014
Bad Blood,Taylor Swift,pop,2014,170,212,2014
Shake It Off,Taylor Swift,pop,2014,160,219,2014
#SELFIE,The Chainsmokers,dance pop,2014,128,184,2014
Superheroes,The Script,celtic rock,2014,167,245,2014
Wasted,Tiësto,big room,2014,112,190,2014
Red Lights,Tiësto,big room,2014,125,262,2014
2 On (feat. ScHoolboy Q),Tinashe,alternative r&b,2014,101,227,2014
Habits (Stay High),Tove Lo,art pop,2014,110,209,2014
Talking Body,Tove Lo,art pop,2014,120,238,2014
Na Na,Trey Songz,dance pop,2015,97,232,2014
Riptide,Vance Joy,folk-pop,2014,102,204,2014
Stay The Night - Featuring Hayley Williams Of Paramore,Zedd,complextro,2012,128,217,2014
Faded,ZHU,edm,2014,125,223,2014
Ghost Town,Adam Lambert,dance pop,2015,120,208,2015
Here,Alessia Cara,canadian contemporary r&b,2015,120,199,2015
"Honey, I'm Good.",Andy Grammer,dance pop,2014,122,199,2015
Love Me Harder,Ariana Grande,dance pop,2014,99,236,2015
The Nights,Avicii,dance pop,2014,126,177,2015
Waiting For Love,Avicii,dance pop,2015,128,231,2015
  7/11,Beyoncé,dance pop,2014,136,214,2015
I Don't Fuck With You,Big Sean,detroit hip hop,2015,98,284,2015
Electric Love,BØRNS,modern rock,2015,120,218,2015
Don't,Bryson Tiller,kentucky hip hop,2015,97,198,2015
Outside (feat. Ellie Goulding),Calvin Harris,dance pop,2014,128,227,2015
How Deep Is Your Love,Calvin Harris,dance pop,2015,122,213,2015
Ayo,Chris Brown,dance pop,2015,98,225,2015
Cool for the Summer,Demi Lovato,dance pop,2015,114,215,2015
Confident,Demi Lovato,dance pop,2015,130,206,2015
Five More Hours,Deorro,dance pop,2017,128,212,2015
Omen - Radio Edit,Disclosure,edm,2015,106,197,2015
You Know You Like It,DJ Snake,dance pop,2014,196,247,2015
Hotline Bling,Drake,canadian hip hop,2016,135,267,2015
Jumpman,Drake,canadian hip hop,2015,142,206,2015
Thinking out Loud,Ed Sheeran,pop,2014,79,282,2015
"Love Me Like You Do - From ""Fifty Shades Of Grey""",Ellie Goulding,dance pop,2015,190,253,2015
On My Mind,Ellie Goulding,dance pop,2015,155,213,2015
Centuries,Fall Out Boy,emo,2015,176,228,2015
679 (feat. Remy Boyz),Fetty Wap,new jersey rap,2015,190,197,2015
Trap Queen,Fetty Wap,new jersey rap,2015,148,222,2015
My Way (feat. Monty),Fetty Wap,new jersey rap,2015,128,213,2015
My House,Flo Rida,dance pop,2015,94,192,2015
GDFR (feat. Sage the Gemini & Lookas),Flo Rida,dance pop,2015,146,190,2015
Mountain at My Gates,Foals,indie rock,2015,104,244,2015
Runaway (U & I),Galantis,dance pop,2015,126,227,2015
Barcelona,George Ezra,folk-pop,2014,94,189,2015
Love Myself,Hailee Steinfeld,dance pop,2016,123,219,2015
Take Me to Church,Hozier,irish singer-songwriter,2014,129,242,2015
Where Are Ü Now (with Justin Bieber),Jack Ü,edm,2015,139,250,2015
oui,Jeremih,chicago rap,2015,79,238,2015
Classic Man (feat. Roman GianArthur),Jidenna,ghanaian hip hop,2015,94,226,2015
What Do You Mean?,Justin Bieber,canadian pop,2015,125,206,2015
Way down We Go,KALEO,icelandic indie,2016,163,214,2015
King Kunta,Kendrick Lamar,conscious hip hop,2015,107,235,2015
Stole the Show,Kygo,edm,2016,100,223,2015
Nothing Left (feat. Will Heard),Kygo,edm,2015,154,237,2015
High By The Beach,Lana Del Rey,art pop,2015,132,258,2015
Hurt Me,Låpsley,electropop,2016,138,231,2015
Closer,Lemaitre,alternative dance,2017,92,271,2015
Lot to Learn,Luke Christopher,indie pop rap,2015,82,248,2015
Lean On,Major Lazer,dance pop,2015,98,177,2015
Light It Up - Remix,Major Lazer,dance pop,2015,108,166,2015
Uptown Funk (feat. Bruno Mars),Mark Ronson,dance pop,2015,115,270,2015
Intoxicated - Radio Edit,Martin Solveig,dance pop,2015,125,160,2015
All Eyes on You (feat. Chris Brown & Nicki Minaj),Meek Mill,hip hop,2015,78,224,2015
Believe,Mumford & Sons,modern folk rock,2015,114,221,2015
Somebody,Natalie La Rose,chicago rap,2014,105,190,2015
That's How You Know (feat. Kid Ink & Bebe Rexha),Nico & Vinz,pop rap,2015,104,186,2015
Drive,Oh Wonder,electropop,2015,142,196,2015
Post to Be (feat. Chris Brown & Jhene Aiko),Omarion,dance pop,2014,97,227,2015
Drag Me Down,One Direction,boy band,2015,138,192,2015
Perfect,One Direction,boy band,2015,100,230,2015
Sunset Lover,Petit Biscuit,new french touch,2015,91,238,2015
Wish You Were Mine - Radio Edit,Philip George,deep groove house,2014,123,178,2015
Time of Our Lives,Pitbull,dance pop,2014,124,229,2015
No Type,Rae Sremmurd,hip hop,2015,125,200,2015
"Flex (Ooh, Ooh, Ooh)",Rich Homie Quan,atl hip hop,2015,82,177,2015
FourFiveSeconds,Rihanna,barbadian pop,2015,206,188,2015
Bitch Better Have My Money,Rihanna,barbadian pop,2015,103,219,2015
Chill Bill (feat. J. Davi$ & Spooks),Rob $tone,san diego rap,2016,108,177,2015
Sugar (feat. Francesco Yates),Robin Schulz,dance pop,2015,123,219,2015
Lay It All on Me (feat. Ed Sheeran),Rudimental,dance pop,2015,123,242,2015
Like I Can,Sam Smith,dance pop,2014,100,167,2015
You Don't Own Me (feat. G-Eazy),SAYGRACE,dance pop,2015,186,199,2015
Same Old Love,Selena Gomez,dance pop,2015,98,229,2015
Hands To Myself,Selena Gomez,dance pop,2015,111,201,2015
Good For You,Selena Gomez,dance pop,2015,89,222,2015
Geronimo,Sheppard,australian indie,2015,142,218,2015
Easy Love,Sigala,dance pop,2018,124,230,2015
All My Friends (feat. Tinashe & Chance the Rapper),Snakehips,edm,2015,95,230,2015
The Less I Know The Better,Tame Impala,australian psych,2015,117,216,2015
Blank Space,Taylor Swift,pop,2014,96,232,2015
Wildest Dreams,Taylor Swift,pop,2014,140,220,2015
Bad Blood,Taylor Swift,pop,2015,170,200,2015
Style,Taylor Swift,pop,2014,95,231,2015
Spirits,The Strumbellas,canadian indie,2016,81,204,2015
The Hills,The Weeknd,canadian contemporary r&b,2015,113,242,2015
Can't Feel My Face,The Weeknd,canadian contemporary r&b,2015,108,214,2015
"Earned It (Fifty Shades Of Grey) - From The ""Fifty Shades Of Grey"" Soundtrack",The Weeknd,canadian contemporary r&b,2014,120,252,2015
In The Night,The Weeknd,canadian contemporary r&b,2015,168,236,2015
Die A Happy Man,Thomas Rhett,contemporary country,2015,166,227,2015
Talking Body,Tove Lo,art pop,2014,120,238,2015
Antidote,Travis Scott,hip hop,2015,131,263,2015
Slow Motion,Trey Songz,dance pop,2015,95,198,2015
Na Na,Trey Songz,dance pop,2015,97,232,2015
YOUTH,Troye Sivan,australian pop,2015,92,185,2015
Stressed Out,Twenty One Pilots,modern rock,2015,170,202,2015
I Don't Mind (feat. Juicy J),Usher,atl hip hop,2014,113,252,2015
Shut Up and Dance,WALK THE MOON,dance pop,2014,128,199,2015
See You Again (feat. Charlie Puth),Wiz Khalifa,dance pop,2015,80,230,2015
Renegades,X Ambassadors,modern alternative rock,2015,90,195,2015
Unsteady,X Ambassadors,modern alternative rock,2015,117,194,2015
King,Years & Years,dance pop,2015,120,215,2015
I Want You To Know,Zedd,complextro,2015,130,240,2015
When We Were Young,Adele,british soul,2015,144,291,2016
Send My Love (To Your New Lover),Adele,british soul,2015,164,223,2016
Hello,Adele,british soul,2015,79,296,2016
Here,Alessia Cara,canadian contemporary r&b,2015,120,199,2016
Alarm,Anne-Marie,dance pop,2016,147,206,2016
Into You,Ariana Grande,dance pop,2016,108,244,2016
Side To Side,Ariana Grande,dance pop,2016,159,226,2016
Dangerous Woman,Ariana Grande,dance pop,2016,134,236,2016
Hurts So Good,Astrid S,alt z,2021,120,209,2016
Good Grief,Bastille,metropopolis,2016,120,206,2016
Sorry,Beyoncé,dance pop,2016,130,233,2016
Don't,Bryson Tiller,kentucky hip hop,2015,97,198,2016
Exchange,Bryson Tiller,kentucky hip hop,2015,160,195,2016
Dancing On My Own,Calum Scott,neo mellow,2018,113,260,2016
This Is What You Came For (feat. Rihanna),Calvin Harris,dance pop,2016,124,222,2016
My Way,Calvin Harris,dance pop,2016,120,219,2016
We Don't Talk Anymore (feat. Selena Gomez),Charlie Puth,dance pop,2016,100,218,2016
One Call Away,Charlie Puth,dance pop,2016,91,194,2016
Dangerously,Charlie Puth,dance pop,2016,112,199,2016
Sex,Cheat Codes,dance pop,2016,102,228,2016
Back To Sleep,Chris Brown,dance pop,2015,93,201,2016
Tears (feat. Louisa Johnson),Clean Bandit,dance pop,2016,130,226,2016
Hymn for the Weekend,Coldplay,permanent wave,2015,90,258,2016
Adventure of a Lifetime,Coldplay,permanent wave,2015,112,264,2016
This One's for You (feat. Zara Larsson) (Official Song UEFA EURO 2016),David Guetta,big room,2016,110,207,2016
"Sit Still, Look Pretty",Daya,alt z,2016,182,202,2016
Hide Away,Daya,alt z,2016,95,192,2016
Let Me Love You,DJ Snake,dance pop,2016,100,206,2016
Middle,DJ Snake,dance pop,2016,105,221,2016
Cake By The Ocean,DNCE,dance pop,2016,119,219,2016
Too Good,Drake,canadian hip hop,2016,118,263,2016
Hotter Than Hell,Dua Lipa,dance pop,2017,110,188,2016
DUELE EL CORAZON (feat. Wisin),Enrique Iglesias,dance pop,2016,91,200,2016
Work from Home (feat. Ty Dolla $ign),Fifth Harmony,dance pop,2016,105,214,2016
All In My Head (Flex) (feat. Fetty Wap),Fifth Harmony,dance pop,2016,95,211,2016
My House,Flo Rida,dance pop,2015,94,192,2016
Say It (feat. Tove Lo),Flume,australian dance,2016,75,263,2016
Pink + White,Frank Ocean,alternative r&b,2016,160,185,2016
Low Life (feat. The Weeknd),Future,atl hip hop,2016,144,314,2016
No Money,Galantis,dance pop,2016,126,189,2016
"i hate u, i love u (feat. olivia o'brien)",Garrett Nash,electropop,2016,93,251,2016
"Me, Myself & I",G-Eazy,indie pop rap,2015,112,251,2016
Starving,Hailee Steinfeld,dance pop,2016,100,182,2016
Can I Be Him,James Arthur,pop,2016,108,247,2016
When You Love Someone,James TW,neo mellow,2019,126,217,2016
Love Me Now,John Legend,neo soul,2016,123,210,2016
Perfect Strangers,Jonas Blue,dance pop,2018,118,197,2016
Fast Car,Jonas Blue,dance pop,2018,114,212,2016
Love Yourself,Justin Bieber,canadian pop,2015,100,234,2016
Sorry,Justin Bieber,canadian pop,2015,100,201,2016
"CAN'T STOP THE FEELING! (from DreamWorks Animation's ""TROLLS"")",Justin Timberlake,dance pop,2016,113,238,2016
Gold,Kiiara,alt z,2020,113,226,2016
Stole the Show,Kygo,edm,2016,100,223,2016
Stay (feat. Maty Noyes),Kygo,edm,2015,103,239,2016
"Sucker for Pain (with Wiz Khalifa, Imagine Dragons, Logic & Ty Dolla $ign feat. X Ambassadors)",Lil Wayne,hip hop,2016,169,243,2016
Shout Out to My Ex,Little Mix,dance pop,2016,126,246,2016
7 Years,Lukas Graham,danish pop,2016,120,237,2016
Alaska,Maggie Rogers,indie pop,2019,104,188,2016
Cold Water,Major Lazer,dance pop,2016,93,185,2016
You & Me,Marc E. Bassy,pop,2017,84,218,2016
Alone,Marshmello,brostep,2016,142,274,2016
In the Name of Love,Martin Garrix,dance pop,2016,134,196,2016
NO,Meghan Trainor,dance pop,2017,92,214,2016
The Ocean (feat. Shy Martin),Mike Perry,dance pop,2016,90,183,2016
I Took A Pill In Ibiza - Seeb Remix,Mike Posner,dance pop,2016,102,198,2016
Final Song,MØ,art pop,2016,105,236,2016
This Town,Niall Horan,dance pop,2016,112,233,2016
Close,Nick Jonas,dance pop,2016,124,234,2016
History,Olivia Holt,alt z,2016,101,204,2016
History,One Direction,boy band,2015,87,187,2016
Wherever I Go,OneRepublic,dance pop,2016,100,170,2016
"Just Like Fire (From the Original Motion Picture ""Alice Through The Looking Glass"")",P!nk,dance pop,2016,163,215,2016
Not Nice,PARTYNEXTDOOR,pop,2016,128,203,2016
Needed Me,Rihanna,barbadian pop,2016,111,192,2016
Work,Rihanna,barbadian pop,2016,92,219,2016
Lost Boy,Ruth B.,alt z,2015,124,275,2016
You Don't Own Me (feat. G-Eazy),SAYGRACE,dance pop,2016,186,201,2016
Same Old Love,Selena Gomez,dance pop,2015,98,229,2016
Hands To Myself,Selena Gomez,dance pop,2015,111,201,2016
Treat You Better,Shawn Mendes,canadian pop,2017,83,188,2016
I Know What You Did Last Summer,Shawn Mendes,canadian pop,2015,114,224,2016
The Greatest (feat. Kendrick Lamar),Sia,australian dance,2016,192,210,2016
Cheap Thrills (feat. Sean Paul),Sia,australian dance,2016,90,225,2016
Sweet Lovin' - Radio Edit,Sigala,dance pop,2018,125,202,2016
All My Friends (feat. Tinashe & Chance the Rapper),Snakehips,edm,2015,95,230,2016
Just Hold On,Steve Aoki,dance pop,2018,115,199,2016
Somebody Else,The 1975,modern alternative rock,2016,101,348,2016
The Sound,The 1975,modern alternative rock,2016,121,249,2016
Closer,The Chainsmokers,dance pop,2016,95,245,2016
Don't Let Me Down,The Chainsmokers,dance pop,2016,160,208,2016
Roses,The Chainsmokers,dance pop,2015,100,227,2016
Ophelia,The Lumineers,folk-pop,2016,76,160,2016
Starboy,The Weeknd,canadian contemporary r&b,2016,186,230,2016
Once In a While,Timeflies,dance pop,2016,105,215,2016
Girls Like (feat. Zara Larsson),Tinie Tempah,dance pop,2016,120,196,2016
Cool Girl,Tove Lo,art pop,2016,102,199,2016
Renegades,X Ambassadors,modern alternative rock,2015,90,195,2016
Unsteady,X Ambassadors,modern alternative rock,2015,117,194,2016
Never Forget You,Zara Larsson,dance pop,2017,146,213,2016
PILLOWTALK,ZAYN,dance pop,2016,125,203,2016
It's A Vibe,2 Chainz,atl hip hop,2017,73,210,2017
Bank Account,21 Savage,atl hip hop,2017,75,220,2017
Drowning (feat. Kodak Black),A Boogie Wit da Hoodie,melodic rap,2017,129,209,2017
Plain Jane,A$AP Ferg,gangster rap,2017,170,174,2017
Weak,AJR,modern rock,2017,124,201,2017
Caroline,Aminé,hip hop,2017,120,210,2017
More Than You Know,Axwell /\ Ingrosso,dance pop,2017,123,203,2017
Rolex,Ayo & Teo,social media pop,2017,145,239,2017
Bounce Back,Big Sean,detroit hip hop,2017,82,222,2017
Man's Not Hot,Big Shaq,london rap,2017,135,186,2017
Bored,Billie Eilish,art pop,2017,120,181,2017
do re mi,blackbear,electropop,2017,111,212,2017
That's What I Like,Bruno Mars,dance pop,2016,134,207,2017
24K Magic,Bruno Mars,dance pop,2016,107,226,2017
"Feels (feat. Pharrell Williams, Katy Perry & Big Sean)",Calvin Harris,dance pop,2017,101,223,2017
Slide (feat. Frank Ocean & Migos),Calvin Harris,dance pop,2017,104,231,2017
Havana (feat. Young Thug),Camila Cabello,dance pop,2018,105,217,2017
Bodak Yellow,Cardi B,dance pop,2018,125,224,2017
No Promises (feat. Demi Lovato),Cheat Codes,dance pop,2017,113,223,2017
Redbone,Childish Gambino,atl hip hop,2016,160,327,2017
Rockabye (feat. Sean Paul & Anne-Marie),Clean Bandit,dance pop,2016,102,251,2017
Sorry Not Sorry,Demi Lovato,dance pop,2017,144,204,2017
"I'm the One (feat. Justin Bieber, Quavo, Chance the Rapper & Lil Wayne)",DJ Khaled,dance pop,2017,81,289,2017
Wild Thoughts (feat. Rihanna & Bryson Tiller),DJ Khaled,dance pop,2017,98,205,2017
Passionfruit,Drake,canadian hip hop,2017,112,299,2017
Fake Love,Drake,canadian hip hop,2017,134,211,2017
Perfect,Ed Sheeran,pop,2017,95,263,2017
Shape of You,Ed Sheeran,pop,2017,96,234,2017
Sit Next to Me,Foster The People,indietronica,2017,97,243,2017
Unforgettable,French Montana,gangster rap,2017,98,234,2017
Mask Off,Future,atl hip hop,2017,150,205,2017
Him & I (with Halsey),G-Eazy,indie pop rap,2017,88,269,2017
No Limit,G-Eazy,indie pop rap,2017,176,245,2017
Most Girls,Hailee Steinfeld,dance pop,2017,103,204,2017
Now Or Never,Halsey,dance pop,2017,110,215,2017
NUMB,Hayden James,aussietronica,2019,148,217,2017
Believer,Imagine Dragons,modern rock,2017,125,204,2017
Thunder,Imagine Dragons,modern rock,2017,168,187,2017
Whatever It Takes,Imagine Dragons,modern rock,2017,135,201,2017
HUMBLE.,Kendrick Lamar,conscious hip hop,2017,150,177,2017
LOVE. FEAT. ZACARI.,Kendrick Lamar,conscious hip hop,2017,126,213,2017
DNA.,Kendrick Lamar,conscious hip hop,2017,140,186,2017
ELEMENT.,Kendrick Lamar,conscious hip hop,2017,190,209,2017
Young Dumb & Broke,Khalid,pop,2017,137,203,2017
Location,Khalid,pop,2017,80,219,2017
Tunnel Vision,Kodak Black,florida rap,2017,172,268,2017
iSpy (feat. Lil Yachty),KYLE,pop,2016,75,253,2017
Lust For Life (with The Weeknd),Lana Del Rey,art pop,2017,100,264,2017
Strip That Down (feat. Quavo),Liam Payne,dance pop,2019,106,202,2017
Save That Shit,Lil Peep,emo rap,2017,106,232,2017
Gucci Gang,Lil Pump,emo rap,2017,120,124,2017
XO Tour Llif3,Lil Uzi Vert,melodic rap,2017,155,183,2017
Touch (feat. Kid Ink),Little Mix,dance pop,2016,102,203,2017
1-800-273-8255,Logic,conscious hip hop,2017,100,250,2017
Liability,Lorde,art pop,2017,76,172,2017
Green Light,Lorde,art pop,2017,129,235,2017
"Homemade Dynamite (Feat. Khalid, Post Malone & SZA) - REMIX",Lorde,art pop,2017,107,214,2017
broken,lovelytheband,indie poptimism,2018,123,205,2017
Despacito,Luis Fonsi,latin,2019,178,229,2017
Bad Things (with Camila Cabello),Machine Gun Kelly,ohio hip hop,2017,138,239,2017
Glorious (feat. Skylar Grey),Macklemore,pop rap,2017,140,220,2017
Cold (feat. Future),Maroon 5,pop,2018,100,234,2017
Don't Wanna Know (feat. Kendrick Lamar),Maroon 5,pop,2018,100,214,2017
Little Dark Age,MGMT,alternative dance,2018,98,300,2017
Bad and Boujee (feat. Lil Uzi Vert),Migos,atl hip hop,2017,127,343,2017
Slippery (feat. Gucci Mane),Migos,atl hip hop,2017,142,304,2017
T-Shirt,Migos,atl hip hop,2017,139,242,2017
Sky Walker (feat. Travis Scott),Miguel,dance pop,2017,146,259,2017
Malibu,Miley Cyrus,dance pop,2017,140,232,2017
Nights With You,MØ,art pop,2017,120,197,2017
Slow Hands,Niall Horan,dance pop,2017,86,188,2017
Magnolia,Playboi Carti,atl hip hop,2017,163,182,2017
Chameleon,PNAU,alternative dance,2017,120,198,2017
Feel It Still,Portugal. The Man,indie rock,2017,79,163,2017
Congratulations,Post Malone,dfw rap,2016,123,220,2017
I Fall Apart,Post Malone,dfw rap,2016,144,223,2017
Swang,Rae Sremmurd,hip hop,2016,140,208,2017
Black Beatles,Rae Sremmurd,hip hop,2016,146,292,2017
Chill Bill (feat. J. Davi$ & Spooks),Rob $tone,san diego rap,2016,108,177,2017
Losin Control,Russ,hawaiian hip hop,2017,97,238,2017
Too Good At Goodbyes,Sam Smith,dance pop,2017,92,201,2017
No Lie,Sean Paul,dance pop,2018,102,221,2017
Fetish (feat. Gucci Mane),Selena Gomez,dance pop,2017,123,186,2017
Broccoli,Shelley FKA DRAM,alternative r&b,2016,146,225,2017
Don't Leave,Snakehips,edm,2017,122,215,2017
Love Galore (feat. Travis Scott),SZA,pop,2017,135,275,2017
Look What You Made Me Do,Taylor Swift,pop,2017,128,212,2017
...Ready For It?,Taylor Swift,pop,2017,160,208,2017
Something Just Like This,The Chainsmokers,dance pop,2017,103,247,2017
Paris,The Chainsmokers,dance pop,2017,100,222,2017
All Night,The Vamps,boy band,2017,145,198,2017
Middle Of The Night,The Vamps,boy band,2017,130,175,2017
I Feel It Coming,The Weeknd,canadian contemporary r&b,2016,93,269,2017
goosebumps,Travis Scott,hip hop,2016,130,244,2017
BUTTERFLY EFFECT,Travis Scott,hip hop,2018,141,191,2017
Jocelyn Flores,XXXTENTACION,emo rap,2017,134,119,2017
Rake It Up (feat. Nicki Minaj),Yo Gotti,dirty south rap,2017,150,276,2017
I Would Like,Zara Larsson,dance pop,2017,121,227,2017
Juju on That Beat (TZ Anthem),Zay Hilfigerrr,hip hop,2016,161,144,2017
Stay,Zedd,complextro,2017,102,210,2017
Youngblood,5 Seconds of Summer,boy band,2018,120,203,2018
FEFE,6ix9ine,emo rap,2018,126,179,2018
GUMMO,6ix9ine,emo rap,2018,157,158,2018
God is a woman,Ariana Grande,dance pop,2018,145,198,2018
no tears left to cry,Ariana Grande,dance pop,2018,122,206,2018
Jumanji,B Young,afroswing,2018,96,173,2018
Answerphone (feat. Yxng Bane),Banx & Ranx,basshall,2018,113,191,2018
Mine,Bazzi,dance pop,2018,143,131,2018
Eastside (with Halsey & Khalid),benny blanco,electropop,2018,89,174,2018
lovely (with Khalid),Billie Eilish,art pop,2018,115,200,2018
Look Alive (feat. Drake),BlocBoy JB,memphis hip hop,2018,140,181,2018
Finesse - Remix; feat. Cardi B,Bruno Mars,dance pop,2017,105,217,2018
One Kiss (with Dua Lipa),Calvin Harris,dance pop,2018,124,215,2018
Never Be the Same,Camila Cabello,dance pop,2018,130,227,2018
I Like It,Cardi B,dance pop,2018,136,253,2018
Bodak Yellow,Cardi B,dance pop,2018,125,224,2018
Be Careful,Cardi B,dance pop,2018,152,211,2018
Miss You (with Major Lazer & Tory Lanez),Cashmere Cat,dance pop,2018,100,186,2018
How Long,Charlie Puth,dance pop,2018,110,201,2018
Done for Me (feat. Kehlani),Charlie Puth,dance pop,2018,112,180,2018
The Way I Am,Charlie Puth,dance pop,2018,115,186,2018
This Is America,Childish Gambino,atl hip hop,2018,120,226,2018
Tequila,Dan + Shay,contemporary country,2018,86,197,2018
Nevermind,Dennis Lloyd,israeli pop,2017,100,157,2018
No Brainer,DJ Khaled,dance pop,2018,136,260,2018
God's Plan,Drake,canadian hip hop,2018,77,199,2018
Nonstop,Drake,canadian hip hop,2018,155,239,2018
Nice For What,Drake,canadian hip hop,2018,93,211,2018
In My Feelings,Drake,canadian hip hop,2018,91,218,2018
I'm Upset,Drake,canadian hip hop,2018,150,214,2018
IDGAF,Dua Lipa,dance pop,2017,97,218,2018
In My Mind,Dynoro,edm,2018,126,185,2018
Trip,Ella Mai,dance pop,2018,80,214,2018
Boo'd Up,Ella Mai,dance pop,2017,82,256,2018
River (feat. Ed Sheeran),Eminem,detroit hip hop,2017,90,221,2018
German,EO,afroswing,2018,103,171,2018
Let's Fall in Love for the Night,FINNEAS,alt z,2018,128,190,2018
Simple,Florida Georgia Line,contemporary country,2019,200,185,2018
Him & I (with Halsey),G-Eazy,indie pop rap,2017,88,269,2018
Shotgun,George Ezra,folk-pop,2018,116,201,2018
Paradise,George Ezra,folk-pop,2018,138,222,2018
we fell in love in october,girl in red,bedroom pop,2018,130,184,2018
"Let Me Go (with Alesso, Florida Georgia Line & watt)",Hailee Steinfeld,dance pop,2017,103,175,2018
Bad At Love,Halsey,dance pop,2017,118,181,2018
The Greatest Show,Hugh Jackman,hollywood,2017,158,302,2018
Natural,Imagine Dragons,modern rock,2018,100,189,2018
Make Me Feel,Janelle Monáe,afrofuturism,2018,115,194,2018
You Make It Easy,Jason Aldean,contemporary country,2018,132,197,2018
"King's Dead (with Kendrick Lamar, Future & James Blake)",Jay Rock,conscious hip hop,2018,137,230,2018
Rise,Jonas Blue,dance pop,2018,106,194,2018
Lucid Dreams,Juice WRLD,chicago rap,2018,84,240,2018
LOVE. FEAT. ZACARI.,Kendrick Lamar,conscious hip hop,2017,126,213,2018
All The Stars (with SZA),Kendrick Lamar,conscious hip hop,2018,97,232,2018
Love Lies (with Normani),Khalid,pop,2018,144,202,2018
1950,King Princess,alt z,2018,72,225,2018
I Like Me Better,Lauv,dance pop,2018,92,197,2018
Yes Indeed,Lil Baby,atl hip hop,2018,120,142,2018
Freaky Friday (feat. Chris Brown),Lil Dicky,comedy rap,2018,133,217,2018
Everyday,Logic,conscious hip hop,2018,150,205,2018
Body,Loud Luxury,dance pop,2017,122,163,2018
Bad Vibe,M.O,afroswing,2018,110,214,2018
"Home (with Machine Gun Kelly, X Ambassadors & Bebe Rexha)",Machine Gun Kelly,ohio hip hop,2017,82,203,2018
Corazón (feat. Nego do Borel),Maluma,latin,2018,198,185,2018
Wait,Maroon 5,pop,2018,126,191,2018
Happier,Marshmello,brostep,2018,100,214,2018
Silence,Marshmello,brostep,2017,142,181,2018
FRIENDS,Marshmello,brostep,2018,95,203,2018
Spotlight,Marshmello,brostep,2018,150,178,2018
Walk It Talk It,Migos,atl hip hop,2018,146,276,2018
MotorSport,Migos,atl hip hop,2018,138,303,2018
Stir Fry,Migos,atl hip hop,2018,182,190,2018
17,MK,dance pop,2017,122,196,2018
Let You Down,NF,hip hop,2017,148,212,2018
Te Boté - Remix,Nio Garcia,latin,2018,97,418,2018
Ric Flair Drip (with Metro Boomin),Offset,atl hip hop,2017,100,173,2018
Vaina Loca,Ozuna,latin,2018,94,176,2018
Déjala Que Vuelva (feat. Manuel Turizo),Piso 21,colombian pop,2018,170,220,2018
rockstar (feat. 21 Savage),Post Malone,dfw rap,2018,160,218,2018
Better Now,Post Malone,dfw rap,2018,145,231,2018
Psycho (feat. Ty Dolla $ign),Post Malone,dfw rap,2018,140,221,2018
Powerglide (feat. Juicy J) - From SR3MM,Rae Sremmurd,hip hop,2018,174,332,2018
Plug Walk,Rich The Kid,atl hip hop,2018,95,175,2018
Mo Bamba,Sheck Wes,rap,2018,146,184,2018
Strangers,Sigrid,dance pop,2019,115,234,2018
Delicate,Taylor Swift,pop,2017,95,232,2018
It's Not Living (If It's Not With You),The 1975,modern alternative rock,2018,121,248,2018
This Feeling,The Chainsmokers,dance pop,2018,105,198,2018
Sick Boy,The Chainsmokers,dance pop,2018,90,193,2018
Call Out My Name,The Weeknd,canadian contemporary r&b,2018,134,228,2018
Pray For Me (with Kendrick Lamar),The Weeknd,canadian contemporary r&b,2018,101,211,2018
Jackie Chan,Tiësto,big room,2018,128,216,2018
SICKO MODE,Travis Scott,hip hop,2018,155,313,2018
Taste (feat. Offset),Tyga,dance pop,2018,98,233,2018
Saturday Sun,Vance Joy,folk-pop,2018,100,215,2018
SAD!,XXXTENTACION,emo rap,2018,75,167,2018
Moonlight,XXXTENTACION,emo rap,2018,128,135,2018
changes,XXXTENTACION,emo rap,2018,65,122,2018
If You're Over Me,Years & Years,dance pop,2018,104,189,2018
"BIG BANK (feat. 2 Chainz, Big Sean, Nicki Minaj)",YG,cali rap,2018,204,237,2018
The Middle,Zedd,complextro,2018,107,185,2018
a lot,21 Savage,atl hip hop,2018,146,289,2019
Easier,5 Seconds of Summer,boy band,2020,176,158,2019
Swervin (feat. 6ix9ine),A Boogie Wit da Hoodie,melodic rap,2018,93,189,2019
Look Back at It,A Boogie Wit da Hoodie,melodic rap,2018,96,179,2019
Ladbroke Grove,AJ Tracey,grime,2019,134,191,2019
China,Anuel AA,latin,2019,105,302,2019
Secreto,Anuel AA,latin,2019,92,259,2019
7 rings,Ariana Grande,dance pop,2019,140,179,2019
"thank u, next",Ariana Grande,dance pop,2019,107,207,2019
"break up with your girlfriend, i'm bored",Ariana Grande,dance pop,2019,170,190,2019
boyfriend (with Social House),Ariana Grande,dance pop,2019,190,186,2019
On A Roll,Ashley O,pop,2019,125,154,2019
Callaita,Bad Bunny,latin,2019,176,251,2019
MIA (feat. Drake),Bad Bunny,latin,2018,97,210,2019
lovely (with Khalid),Billie Eilish,art pop,2018,115,200,2019
bad guy,Billie Eilish,art pop,2019,135,194,2019
when the party's over,Billie Eilish,art pop,2019,83,196,2019
bury a friend,Billie Eilish,art pop,2019,120,193,2019
Kill This Love,BLACKPINK,k-pop,2019,132,191,2019
The Git Up,Blanco Brown,black americana,2019,98,201,2019
Thotiana,Blueface,cali rap,2018,104,129,2019
Boy With Luv (feat. Halsey),BTS,k-pop,2019,120,230,2019
Please Me,Cardi B,dance pop,2019,134,201,2019
Money,Cardi B,dance pop,2018,130,184,2019
Suge,DaBaby,north carolina hip hop,2019,75,163,2019
Location (feat. Burna Boy),Dave,uk hip hop,2019,110,241,2019
Juicy,Doja Cat,dance pop,2019,170,202,2019
3 Nights,Dominic Fike,alternative pop rock,2018,152,178,2019
Money In The Grave (Drake ft. Rick Ross),Drake,canadian hip hop,2019,101,205,2019
Don't Start Now,Dua Lipa,dance pop,2019,124,183,2019
Take Me Back to London (feat. Stormzy),Ed Sheeran,pop,2019,138,190,2019
Cross Me (feat. Chance the Rapper & PnB Rock),Ed Sheeran,pop,2019,95,206,2019
Antisocial (with Travis Scott),Ed Sheeran,pop,2019,152,162,2019
Leave Me Alone,Flipp Dinero,melodic rap,2019,150,196,2019
Lost in the Fire (feat. The Weeknd),Gesaffelstein,dark clubbing,2019,101,202,2019
Without Me,Halsey,dance pop,2018,136,202,2019
emotions,iann dior,melodic rap,2019,81,131,2019
gone girl,iann dior,melodic rap,2019,95,137,2019
MIDDLE CHILD,J. Cole,conscious hip hop,2019,124,214,2019
All Day And Night,Jax Jones,dance pop,2019,122,169,2019
Sorry,Joel Corry,dance pop,2019,125,189,2019
Sucker,Jonas Brothers,boy band,2019,138,181,2019
Only Human,Jonas Brothers,boy band,2019,94,183,2019
Robbery,Juice WRLD,chicago rap,2019,80,240,2019
Good as You,Kane Brown,black americana,2019,154,192,2019
Nights Like This (feat. Ty Dolla $ign),Kehlani,dance pop,2019,146,202,2019
Better,Khalid,pop,2018,98,229,2019
Talk (feat. Disclosure),Khalid,pop,2019,136,198,2019
ZEZE (feat. Travis Scott & Offset),Kodak Black,florida rap,2018,98,229,2019
Shallow,Lady Gaga,art pop,2018,96,216,2019
Doin' Time,Lana Del Rey,art pop,2019,145,202,2019
i'm so tired...,Lauv,dance pop,2020,102,163,2019
Someone You Loved,Lewis Capaldi,pop,2019,110,182,2019
Grace,Lewis Capaldi,pop,2019,104,186,2019
Old Town Road - Remix,Lil Nas X,lgbtq+ hip hop,2019,136,157,2019
Old Town Road,Lil Nas X,lgbtq+ hip hop,2019,136,113,2019
Panini,Lil Nas X,lgbtq+ hip hop,2019,154,115,2019
Ransom,Lil Tecca,melodic rap,2019,180,131,2019
Truth Hurts,Lizzo,dance pop,2019,158,173,2019
Good as Hell,Lizzo,dance pop,2019,96,160,2019
Soltera - Remix,Lunay,latin,2019,92,266,2019
Light On,Maggie Rogers,indie pop,2019,102,234,2019
Nothing Breaks Like a Heart (feat. Miley Cyrus),Mark Ronson,dance pop,2018,114,217,2019
Here With Me,Marshmello,brostep,2019,100,156,2019
One Thing Right,Marshmello,brostep,2019,88,182,2019
Piece Of Your Heart,MEDUZA,edm,2019,124,153,2019
Going Bad (feat. Drake),Meek Mill,hip hop,2018,86,181,2019
Hot Girl Summer (feat. Nicki Minaj & Ty Dolla $ign),Megan Thee Stallion,dance pop,2019,99,199,2019
Slide Away,Miley Cyrus,dance pop,2019,148,234,2019
Pure Water (with Migos),Mustard,cali rap,2019,202,192,2019
Shotta Flow (feat. Blueface) [Remix],NLE Choppa,memphis hip hop,2019,120,177,2019
Motivation,Normani,dance pop,2019,171,194,2019
Options,NSG,afro dancehall,2020,102,240,2019
Clout (feat. Cardi B),Offset,atl hip hop,2019,140,206,2019
High Hopes,Panic! At The Disco,modern rock,2018,82,191,2019
Adan y Eva,Paulo Londra,argentine hip hop,2019,172,257,2019
Pop Out (feat. Lil Tjay),Polo G,chicago rap,2019,168,167,2019
Circles,Post Malone,dfw rap,2019,120,215,2019
Better Now,Post Malone,dfw rap,2018,145,231,2019
Sunflower - Spider-Man: Into the Spider-Verse,Post Malone,dfw rap,2019,90,158,2019
Wow.,Post Malone,dfw rap,2019,100,150,2019
Goodbyes (feat. Young Thug),Post Malone,dfw rap,2019,150,175,2019
Bohemian Rhapsody - Remastered 2011,Queen,classic rock,1975,144,354,2019
Ride It,Regard,dance pop,2019,118,158,2019
Keisha & Becky - Remix,Russ Millions,uk drill,2019,141,253,2019
Post Malone (feat. RANI),Sam Feldt,dance pop,2019,107,174,2019
My Type,Saweetie,cali rap,2019,105,126,2019
Otro Trago,Sech,latin,2019,176,226,2019
Señorita,Shawn Mendes,canadian pop,2019,117,191,2019
If I Can't Have You,Shawn Mendes,canadian pop,2019,124,191,2019
Don’t Feel Like Crying,Sigrid,dance pop,2019,120,157,2019
Vossi Bop,Stormzy,grime,2019,188,196,2019
Lover,Taylor Swift,pop,2019,69,221,2019
Cruel Summer,Taylor Swift,pop,2019,170,178,2019
You Need To Calm Down,Taylor Swift,pop,2019,85,171,2019
SICKO MODE,Travis Scott,hip hop,2018,155,313,2019
EARFQUAKE,"Tyler, The Creator",hip hop,2019,80,190,2019
Boasty (feat. Idris Elba),Wiley,grime,2019,103,177,2019
Strike a Pose (feat. Aitch),Young T & Bugsey,afroswing,2019,138,214,2019
The London (feat. J. Cole & Travis Scott),Young Thug,atl hip hop,2019,98,200,2019
